Filename,URL,Caption,Hashtags,Mentions
0.jpg,https://scontent-zrh1-1.cdninstagram.com/v/t39.30808-6/443823489_937557635047170_584643371526276100_n.jpg?stp=dst-jpg_e15_fr_s1080x1080&_nc_ht=scontent-zrh1-1.cdninstagram.com&_nc_cat=106&_nc_ohc=YjAVbQoqQ6MQ7kNvgEVOJCS&edm=AA0rjkIAAAAA&ccb=7-5&oh=00_AYBN-jiOazZ6XgZBLpgw0kfcdVcpf6ziY3l_NJ1g8aNVxg&oe=6663E7F2&_nc_sid=49ed71,"Du kan inte f√∂r√§ndra andra - det √§r s√§kert n√•got du har h√∂rt f√∂rut. Men visste du att du inte kan f√∂r√§ndra det du inte √§ger med dig sj√§lv? \n\nL√•t mig f√∂rklara üëá\n\nOm du inte st√•r f√∂r att du √§r r√§dd kan du inte m√∂ta r√§dslan s√• att den kan upph√∂ra, utan ist√§llet f√∂rblir den undantryckt i ditt inre, d√§r du kanske inte t√§nker p√• den men trots det s√• p√•verkar den dina tankar, k√§nslor och val\n\nOm du inte st√•r f√∂r dina k√§nslor s√• f√•r du inte reda p√• vad de vill s√§ga dig om dig utan de trycks undan och skapar oro, magv√§rk, misslyckade relationer och sjukdom\n\nOm du inte √§ger alla dina delar - tankar, k√§nslor och handlingar - kommer de att tryckas undan och g√∂mmas i ditt inre. Och allt det du f√∂rs√∂ker undvika genom att inte st√• upp f√∂r dina k√§nslor, tankar och handlingar kommer att sp√∂ka f√∂r dig till den dagen du g√∂r det. \n\n‚ö†Ô∏è F√∂r du kan inte f√∂r√§ndra det du inte √§ger.\n\nDin hj√§rna och ditt hj√§rta vill inget annat √§n att finna en l√∂sning p√• dragkampen mellan dem. De vill finns balans, renhet och ett naturligt fl√∂de mellan hj√§rta och hj√§rna.""\n\nüåøDet √§r EXAKT vad vi tar oss ann p√• torsdag den 30/5 i n√§sta zoomtr√§ff i Soul Nexus medlemskap.\n\nD√§r m√∂ts vi i grupp med syftet att utforska vilka vi √§r bortom v√•ra inl√§rda f√∂rest√§llningar. Det √§r coaching, transformation och healing i ett - f√∂rutom att det √§r ett till√•tande spejs d√§r hela du f√•r plats. \n\nüìå Kom med idag och du f√•r PROVA P√Ö 14 dagar GRATIS - l√§nken i min bio\n.\n.\n#soulnexus #doyou #vakna #sj√§lvmedveten #sj√§len #egot","sj, egot, soulnexus, doyou, vakna",
1.jpg,https://scontent-zrh1-1.cdninstagram.com/v/t39.30808-6/440858717_928309499305317_3931464085090623121_n.jpg?stp=dst-jpg_e15_fr_s1080x1080&_nc_ht=scontent-zrh1-1.cdninstagram.com&_nc_cat=109&_nc_ohc=HKRwgE47i4QQ7kNvgFG6clt&edm=AA0rjkIAAAAA&ccb=7-5&oh=00_AYB-GnPrIEhOz6bxTNBUYUMV_quAmDjCHh3dBporluFKIw&oe=66640F30&_nc_sid=49ed71,"Inte f√∂rr√§n jag kom in genom d√∂rren ins√•g jag hur jag h√•llit andan hela dagen. Med axlarna uppdragna och bortv√§nd blick (s√• ingen fick f√∂r sig att be mig g√∂ra n√•got) hade jag tagit mig igenom dagen och nu kunde jag andas ut.\n\nAv √•kte de riktiga byxorna och p√• √•kte mjukisbyxorna, av √•kte bh-n och p√• √•kte den stickade ollen och raggisarna. Och d√§r ins√•g jag vad jag gjorde. N√§r jag kom hem klev jag tillbaka in i mig. N√§r jag var iv√§g i v√§rlden d√§r utanf√∂r s√• klev jag in i en roll av mig som jag trodde att jag beh√∂vde vara. \n\nMed en djup suck lovade jag mig sj√§lv att lyssna mer p√• mig sj√§lv och ta ansvar f√∂r den d√§r l√§ngtan efter mer l√§tthet. En l√§ngtan som egentligen var en l√§ngtan efter mig sj√§lv.\n\nüåà Din l√§ngtan efter n√•got diffust annat √§r en l√§ngtan efter dig sj√§lv och i medlemskapet Soul Nexus kommer du att f√• m√∂ta mer av dig √§n du trodde var m√∂jligt. P√• torsdag m√∂ts vi via Zoom f√∂r ett samtal som √∂ppnar dig f√∂r mer av dig. \n\nüëâDu provar f√∂rsta g√•ngen gratis och registrerar dig via l√§nken i min profil eller genom att skriva SJ√ÑLEN i en kommentar s√• f√•r du l√§nken direkt\n\nMin egen resa fr√•n styrd av min historia, av mina inl√§rda f√∂rest√§llningar och min r√§dsla f√∂r att vara fel till att k√§nna mig n√∂jd och trygg med mig sj√§lv och livet √§r det som river mig i det jag g√∂r f√∂r dig.  F√∂r jag vill att du med ska vakna med ett leende, ska vara tacksam √∂ver det som √§r ditt liv, att du ska k√§nna en inre frid och att du √§r fri att t√§nka, tycka och g√∂ra det du har lust med. \n\nJag vill att du ska leva medveten om din sj√§ls guidning av den enkla anledningen att det √§r helt underbart!\n.\n.\n#soulnexus #sj√§lvmedveten #sj√§lsmedveten #coach #vakna #sj√§len","sj, soulnexus, coach, vakna",
2.jpg,https://scontent-zrh1-1.cdninstagram.com/v/t39.30808-6/438170469_924966879639579_4181214975586632499_n.jpg?stp=dst-jpg_e15_fr_s1080x1080&_nc_ht=scontent-zrh1-1.cdninstagram.com&_nc_cat=103&_nc_ohc=-06SaJCJB5QQ7kNvgECRTQ6&edm=AA0rjkIAAAAA&ccb=7-5&oh=00_AYBSDVLgYWdhODB0mf3nlLZATG5bkSDAyrFA65U4mA-ChA&oe=6663FC23&_nc_sid=49ed71,"Har du n√•gonsin k√§nt en gnagande k√§nsla av att det finns mer att f√∂rst√• om livet, men k√§nt dig vilse i en labyrint av fr√•gor och oklarheter? Hos Soul Nexus vill jag bjuda in dig till en uppt√§cktsresa d√§r du kommer att finna att alla svar du s√∂ker redan finns inom dig.\n\nDu b√§r en o√§ndlig k√§lla av visdom och inre vetskap som v√§ntar p√• att bli uppt√§ckt. Genom att √∂ppna ditt hj√§rta och din sinne f√∂r den sanna essensen av dig sj√§lv, kommer du att b√∂rja f√∂rst√• varf√∂r livet har varit som det har varit, och vad dina tankar och k√§nslor egentligen vill s√§ga dig om dig sj√§lv.\n\nMed min hj√§lp och st√∂d kommer du att l√§ra dig att lyssna till den tysta r√∂sten inom dig, den som viskar sanningar och v√§gledning som √§r unika f√∂r just dig. Genom v√•ra m√∂ten p√• Zoom och v√•ra givande samtal kommer du att b√∂rja f√∂rst√• att du √§r en sj√§l med en unik resa och ett unikt syfte.\n\nI Soul Nexus erbjuder vi dig en plats d√§r du kan utforska och f√∂rst√• dig sj√§lv p√• en djupare niv√•. Genom f√∂rel√§sningar, coaching och gemenskap med likasinnade sj√§lar kommer du att uppt√§cka den djupa visdom som redan bor inom dig och hur du kan anv√§nda den f√∂r att skapa ett liv fyllt av mening och gl√§dje.\n\nKom och utforska den magiska v√§rlden inom dig hos Soul Nexus. Bli en del av v√•r gemenskap och l√•t oss tillsammans utforska och f√∂rst√• den sanna essensen av dig sj√§lv.\n\nProva oss nu i 14 dagar helt gratis. Anm√§l dig redan idag, du har l√§nken i min profil, och uppt√§ck k√§llan till alla svar inom dig som v√§ntar p√• att bli uppt√§ckta och omfamnade. üíñ\n.\n.\n#klarhet #SoulNexus #InreVisdom #Sj√§lvuppt√§ckt #intuition #coach #hsp","SoulNexus, intuition, InreVisdom, coach, klarhet, hsp, Sj",
3.jpg,https://scontent-zrh1-1.cdninstagram.com/v/t39.30808-6/438161450_924964096306524_2725319401069017539_n.jpg?stp=dst-jpg_e15_fr_s1080x1080&_nc_ht=scontent-zrh1-1.cdninstagram.com&_nc_cat=100&_nc_ohc=hApL7_mMpxsQ7kNvgF7qUes&edm=AA0rjkIAAAAA&ccb=7-5&oh=00_AYBQQyyGEW8KwqkAfzjImcxtyrWAIZVcSG6DIu6reQRUzQ&oe=6663E73C&_nc_sid=49ed71,"I den nya tiden √§r det dags att f√∂rkroppsliga det vi √§r\n\nI denna st√§ndigt f√∂r√§nderliga v√§rld st√•r vi inf√∂r en djupg√•ende f√∂r√§ndring - en f√∂r√§ndring som kallas oneness. Hos Soul Nexus omfamnar vi denna kraftfulla tanke och bjuder in dig att uppt√§cka den sanningen att vi alla √§r ett, att det du ser utanf√∂r dig √§r en spegling av din egen skapelse.\n\nOneness √§r mer √§n bara en id√©; det √§r en levande sanning som genomsyrar allt vi g√∂r. Genom att omfamna oneness f√∂rvandlas v√•ra relationer, v√•ra tankar och v√•r syn p√• v√§rlden. Vi inser att varje individ √§r en del av den stora helheten och att v√•ra handlingar och tankar har en direkt inverkan p√• hela skapelsen.\n\nI Soul Nexus √§r vi ett medvetet samh√§lle av sj√§lar som str√§var efter att leva i harmoni med den kosmiska rytmen. Genom v√•ra m√∂ten p√• Zoom och v√•r inspirerande Facebook-grupp utforskar vi den djupa sanningen om oneness och hur vi kan leva i enighet med den.\n\nVarje steg vi tar mot oneness √§r ett steg mot att skapa en v√§rld fylld av k√§rlek, harmoni och medvetenhet. Genom att omfamna v√•r egen gudomlighet och erk√§nna att vi alla √§r en del av en st√∂rre helhet, kan vi skapa en framtid som √§r mer i linje med v√•ra sj√§lars sanna √∂nskningar.\n\nKom och utforska den nya tiden av oneness hos Soul Nexus. Bli en del av v√•r gemenskap och l√•t oss tillsammans skapa en v√§rld d√§r k√§rlek och enhet r√•der.\n\nProva oss nu i 14 dagar helt gratis. Anm√§l dig redan idag och uppt√§ck den kraften som v√§ntar p√• dig n√§r du omfamnar oneness och lever i enighet med allt som √§r. üíñ Du har l√§nken i min profil üëÜ\n.\n.\n#SoulNexus #Oneness #Enighet #hsp #nyatiden","SoulNexus, nyatiden, Oneness, Enighet, hsp",
4.jpg,https://scontent-zrh1-1.cdninstagram.com/v/t39.30808-6/440859119_924960129640254_4292797749360001087_n.jpg?stp=dst-jpg_e15_fr_s1080x1080&_nc_ht=scontent-zrh1-1.cdninstagram.com&_nc_cat=106&_nc_ohc=M0kyEa3aMvoQ7kNvgHxe6KF&edm=AA0rjkIAAAAA&ccb=7-5&oh=00_AYCDjyvt5MELs4W-gMpACZXdP6agaSRHoAAxorEAwQCukA&oe=6663EC2C&_nc_sid=49ed71,"Ska du f√∂r√§ndra n√•got i dig och livet beh√∂ver du sl√§ppa ut det gamla och in det nya och allt b√∂rjar i din tanke. *reklam*\n\nDina tankar och id√©er √§r som fr√∂n som beh√∂ver n√§ring f√∂r att v√§xa och blomstra. Hos Soul Nexus v√§lkomnar vi dig att plantera dessa fr√∂n i v√•r gemenskap, d√§r de kan trivas och utvecklas med hj√§lp av feedback och olika perspektiv fr√•n andra medlemmar.\n\nAtt f√• input fr√•n andra m√§nniskor √§r som att f√• en frisk fl√§kt av luft som v√§cker dina tankar till liv. Genom att dela med dig av dina id√©er och lyssna till andras synpunkter kan du √∂ppna d√∂rrar till nya vinklar och utveckla en mer nyanserad f√∂rst√•else f√∂r dig sj√§lv och din omgivning.\n\nI Soul Nexus uppmuntrar vi till √∂ppna och √§rliga diskussioner d√§r alla r√∂ster h√∂rs och respekteras. Genom v√•ra m√∂ten p√• Zoom och v√•r engagerade Facebook-grupp f√•r du m√∂jlighet att dela med dig av dina tankar och id√©er och att ta del av feedback och perspektiv fr√•n andra medlemmar.\n\nVarje individ i v√•r gemenskap b√§r p√• unika erfarenheter och insikter som kan berika ditt eget t√§nkande och bidra till din personliga tillv√§xt. Genom att √∂ppna dig f√∂r olika syns√§tt och vara mottaglig f√∂r feedback kan du utveckla en djupare f√∂rst√•else f√∂r dig sj√§lv och din plats i v√§rlden.\n\nKom och utforska den rika m√•ngfald av tankar och id√©er som v√§ntar p√• dig hos Soul Nexus. Bli en del av v√•r gemenskap och l√•t oss tillsammans utforska nya perspektiv och insikter som kan hj√§lpa dig att v√§xa och blomstra.\n\nProva oss nu i 14 dagar helt gratis. Anm√§l dig redan idag via l√§nken i min profil och uppt√§ck hur feedback och olika perspektiv kan bidra till din personliga utveckling och f√∂rst√•else f√∂r v√§rlden omkring dig. üíñ\n.\n.\n#SoulNexus #Gemenskap #Feedback #utveckling #hsp","SoulNexus, Feedback, utveckling, Gemenskap, hsp",
5.jpg,https://scontent-zrh1-1.cdninstagram.com/v/t39.30808-6/438162872_924954459640821_6320197705611447814_n.jpg?stp=dst-jpg_e15_fr_s1080x1080&_nc_ht=scontent-zrh1-1.cdninstagram.com&_nc_cat=109&_nc_ohc=LUzYdjEejvkQ7kNvgGvdqWI&edm=AA0rjkIAAAAA&ccb=7-5&oh=00_AYBMUFUEsZTRlp0AdMpD9Yi8NghXRAvHxcbVZllg3ZNPHA&oe=666419B5&_nc_sid=49ed71,"üåø Tillsammans √§r det enklare üåø *reklam*\n\nLivet √§r en resa fylld av utmaningar och m√∂jligheter till tillv√§xt. Men ibland kan det k√§nnas som att vi g√•r vilse i en skog av os√§kerhet. Som tur √§r beh√∂ver vi inte vandra ensamma. Hos Soul Nexus f√•r du tillg√•ng till en m√•ngfald av erfarenheter och perspektiv som kan guida dig genom dina egna pr√∂vningar.\n\nAtt vara en del av en gemenskap inneb√§r att vi inte bara b√§r v√•ra egna erfarenheter, utan √§ven har tillg√•ng till en skattkista av visdom fr√•n andra. Genom att lyssna till andras ber√§ttelser och l√§ra av deras upplevelser kan vi dra nytta av deras insikter och navigera genom v√•ra egna sv√•righeter med st√∂rre klarhet och trygghet.\n\nI Soul Nexus uppmuntrar vi till √∂ppna och √§rliga samtal d√§r vi delar med oss av v√•ra livshistorier och l√§rdomar. Genom v√•ra m√∂ten p√• Zoom och v√•r livliga Facebook-grupp skapar vi en plattform d√§r vi kan inspireras av varandras framg√•ngar och st√∂ttas genom v√•ra utmaningar.\n\nVarje individ i v√•r gemenskap b√§r p√• unika erfarenheter och perspektiv som berikar oss alla. Genom att √∂ppna v√•ra hj√§rtan och sinnen f√∂r varandras ber√§ttelser √∂ppnar vi d√∂rrar till nya insikter och m√∂jligheter till tillv√§xt och f√∂r√§ndring.\n\nKom och utforska den m√•ngfald av visdom som v√§ntar p√• dig hos Soul Nexus. Bli en del av v√•r gemenskap och l√•t oss tillsammans navigera genom livets pr√∂vningar med √∂ppna hj√§rtan och en vilja att l√§ra och v√§xa.\n\nProva oss nu i 14 dagar helt gratis. Anm√§l dig redan idag via l√§nken i min profil och uppt√§ck hur du kan dra nytta av andras erfarenheter och visdom f√∂r att navigera genom dina egna utmaningar med styrka och tillit. üåü\n.\n.\n#SoulNexus #Gemenskap #Visdom #coach #vakna","SoulNexus, coach, Gemenskap, vakna, Visdom",
6.jpg,https://scontent-zrh1-1.cdninstagram.com/v/t51.29350-15/437116298_793716598859420_4145813115514093822_n.webp?stp=dst-jpg_e35&_nc_ht=scontent-zrh1-1.cdninstagram.com&_nc_cat=108&_nc_ohc=QfUYFyNs36wQ7kNvgEPcGR5&edm=AA0rjkIBAAAA&ccb=7-5&oh=00_AYDLSuKYD1rupaCuANRvssqEVXXd08SKuitJ-izWjYVG1g&oe=666416A8&_nc_sid=49ed71,"Reci√©n me doy cuenta que ya pas√≥ un mes desde mi √∫ltima publicaci√≥n. Al parecer olvid√© decir que estaba de vacaciones (¬°Ups!). Ya estoy de vuelta, trabajando en la traducci√≥n de los cap√≠tulos publicados del Vol. 2 de #soulnexus y en un nuevo proyecto que me emociona mucho. As√≠ que no se extra√±en si me vuelvo a desaparecer. Se vienen cosas grandes.\n\nI just realized that it's been a month since my last post. It seems I forgot to say that I was on vacation (oops!). I'm back now, working on the translation of the published chapters of Vol. 2 of #soulnexus and on a new project very exciting for me. So don't be surprised if I disappear again. Big things are coming.\n\n#sketch#sketchart #webnovel #wattpad #mangatoon #noveltoon #pixiv #originalwork #originalstory","sketchart, originalstory, noveltoon, originalwork, soulnexus, webnovel, pixiv, mangatoon, wattpad, sketch",
7.jpg,https://scontent-zrh1-1.cdninstagram.com/v/t51.29350-15/431733284_286695870961872_5867840910709244747_n.jpg?stp=dst-jpg_e15_fr_s1080x1080&_nc_ht=scontent-zrh1-1.cdninstagram.com&_nc_cat=100&_nc_ohc=0BpbZckhQQYQ7kNvgG1kW34&edm=AA0rjkIBAAAA&ccb=7-5&oh=00_AYAfSIr78F8dZjrz9_rqmjBx4DG0VwlXQTeDyBgekL-HHQ&oe=6663FC52&_nc_sid=49ed71,"Estoy cansado, pero por fin en casa para echarme un cafecito (fr√≠o). A√∫n tengo pendientes por hacer, as√≠ que la siguiente semana no podr√© subir cap√≠tulos de #soulnexus, pero ya est√°n disponibles los cap√≠tulos 31 y 32. Nos vemos en 15 d√≠as.\nI'm tired, but finally at home to have a (cold) coffee. I still have some work to do, so next week I won't be able to upload chapters of Soul Nexus, but episodes 31 and 32 are already available. See you in 15 days.\n#novel #novela #lightnovel #novelaligera #webnovel #wattpad #pixiv #mangatoon #noveltoon #animestyle #sketchart #original #originalartwork","sketchart, noveltoon, soulnexus, original, originalartwork, webnovel, pixiv, mangatoon, novel, animestyle, novelaligera, novela, wattpad, lightnovel",
8.jpg,https://scontent-zrh1-1.cdninstagram.com/v/t51.29350-15/431170956_932777151854985_3084731644124021130_n.jpg?stp=dst-jpg_e35_s1080x1080&_nc_ht=scontent-zrh1-1.cdninstagram.com&_nc_cat=109&_nc_ohc=ovsZZmCqU2kQ7kNvgHsl7K3&edm=AA0rjkIBAAAA&ccb=7-5&oh=00_AYDLEgk6IHKoAH2gN-E5G_WZ7ISS-J7U24kkGYqvY7v9hQ&oe=6663EA12&_nc_sid=49ed71,"This is Mario's co-host, Alex Liberato. He moderates #soulnexus on Reddit and owns Alcyone Reserve, a creative design house that caters to emerging companies. He and Mario go back a few years, but also a few lifetimes! Find his forum at www.reddit.com/r/soulnexus.",soulnexus,
9.jpg,https://scontent-zrh1-1.cdninstagram.com/v/t51.29350-15/429942459_264175193296064_2519838278361611659_n.webp?stp=dst-jpg_e35&_nc_ht=scontent-zrh1-1.cdninstagram.com&_nc_cat=108&_nc_ohc=BzirPwNqhK4Q7kNvgHuQ9Ej&edm=AA0rjkIBAAAA&ccb=7-5&oh=00_AYCz5trvX9QJJQyxGo4KKbhjU8buzhMhf4scApORtPVwKw&oe=6663FB72&_nc_sid=49ed71,"Ma√±ana no habr√° cap√≠tulo nuevo de #soulnexus. Estar√© batallando estos d√≠as con varios tr√°mites burocr√°ticos. Pero lo compensar√© la siguiente semana, t√©nganlo seguro. Espero todos tengan un bonito lunes.\nTomorrow, I'm not going to upload a new chapter of Soul Nexus. These days I'll be fighting with some bureaucratic paperwork. But I'll definitely make up for it next week. I hope you all have a nice Monday.\n#sketch #boceto #sketchart #novel #novela #lightnovel #novelaligera #webnovel #wattpad #pixiv #noveltoon #mangatoon #original #originalstory","sketchart, originalstory, noveltoon, soulnexus, original, webnovel, pixiv, mangatoon, novel, novela, novelaligera, boceto, wattpad, lightnovel, sketch",
10.jpg,https://scontent-zrh1-1.cdninstagram.com/v/t51.29350-15/420635343_408017891591491_3281359710224215836_n.webp?stp=dst-jpg_e35&_nc_ht=scontent-zrh1-1.cdninstagram.com&_nc_cat=107&_nc_ohc=G1D3M1DC2RIQ7kNvgHh9tOs&edm=AA0rjkIBAAAA&ccb=7-5&oh=00_AYDK81aBaWf68LmA6z6irrTsCK--ZnLmR377W7yZlj6KAw&oe=66641430&_nc_sid=49ed71,"I wrote exactly 5,400 words in episode 30. My fingers hurt from typing so much today.  The new chapter of #soulnexus is now available!\nMe salieron 5400 palabras exactitas en el cap√≠tulo 30. Me duelen los dedos de tanto teclear hoy. ¬°Ya disponible el nuevo cap√≠tulo de Soul Nexus!\n#novela #novel #novelaligera #lightnovel #writting #escribir #webnovel #wattpad #pixiv #noveltoon #mangatoon #original #originalwork #originalstory","originalstory, noveltoon, originalwork, soulnexus, original, escribir, webnovel, pixiv, mangatoon, novel, novelaligera, novela, writting, wattpad, lightnovel",
11.jpg,https://scontent-zrh1-1.cdninstagram.com/v/t51.29350-15/426613318_3256548681305359_1428828753204874892_n.jpg?stp=dst-jpg_e15_fr_s1080x1080&_nc_ht=scontent-zrh1-1.cdninstagram.com&_nc_cat=107&_nc_ohc=85bp1ecycUEQ7kNvgF1ABLE&edm=AA0rjkIBAAAA&ccb=7-5&oh=00_AYB_vrIttep-86kAP64wobIRPKQx4_Ktb2iw6LEO7EmHbQ&oe=66640AD2&_nc_sid=49ed71,"Ahora s√≠. Me tard√© en dibujar por estar viendo a la nada como Laurent. El cap√≠tulo 28 ilustrado de #soulnexus ya est√° disponible en #wattpad, #pixiv y #noveltoon. ¬°Vayan a leerlo! \nIt took me a while to draw because I was looking at nothing like Laurent. Soul Nexus illustrated episode number 28 is now available on #wattpad, #pixiv and #noveltoon. \n\n#novela #novel #novelaligera #lighnovel #webnovel #mangatoon #original #originalstory #originalartwork #animestyle #skecthart","originalstory, noveltoon, lighnovel, soulnexus, original, originalartwork, webnovel, pixiv, mangatoon, novel, animestyle, novela, novelaligera, skecthart, wattpad",
12.jpg,https://scontent-zrh1-1.cdninstagram.com/v/t51.29350-15/425282083_250282834783087_4496454156490912484_n.jpg?stp=dst-jpg_e15_fr_s1080x1080&_nc_ht=scontent-zrh1-1.cdninstagram.com&_nc_cat=107&_nc_ohc=5aW4H5qKyyoQ7kNvgFlU29_&edm=AA0rjkIBAAAA&ccb=7-5&oh=00_AYAz9nSxMmgzZCnJNDDTfrJUKe_D8PyHcsF9DeGlHAbvMg&oe=6663EE7A&_nc_sid=49ed71,"Por alg√∫n motivo, estoy teniendo problemas con mi Clip Studio. Tendr√© que posponer el Cap√≠tulo 28 de #SoulNexus para ma√±ana, pero si quieren leer la versi√≥n solo con texto de #webnovel, les dejo el link en los comentarios. Me pregunto, ¬øqu√© estar√° viendo Roef?\nFor some reason, I'm having problems with my Clip Studio. I'll have to postpone Episode 28 of #SoulNexus for tomorrow, but if you want to read the text-only version of #webnovel, I'm posting the link in the comments. I wonder what Roef is watching.\n#novela #novel #novelaligera #lightnovel #wattpad #pixiv #noveltoon #mangatoon #original #originalstory #originalartwork #sketch #sketchart","SoulNexus, sketchart, originalstory, noveltoon, original, originalartwork, webnovel, pixiv, mangatoon, novel, novelaligera, novela, wattpad, lightnovel, sketch",
13.jpg,https://scontent-zrh1-1.cdninstagram.com/v/t51.29350-15/407239705_1565589947523871_1864272253569664250_n.jpg?stp=dst-jpg_e35_s1080x1080&_nc_ht=scontent-zrh1-1.cdninstagram.com&_nc_cat=107&_nc_ohc=oP5O2Bwv1L0Q7kNvgF7KBHV&edm=AA0rjkIBAAAA&ccb=7-5&oh=00_AYDpXZMN6Zi3nGTzY5xLweTgGxX4H8KPAeLlRTtTLej2fQ&oe=6663EADC&_nc_sid=49ed71,¬∑:*¬®‡º∫‚úÆ Self-Care Tips for Smooth Disclosure ‚úÆ‡ºª¬®*:¬∑\n‚Ä¢\n‚Ä¢\n‚Ä¢\n‚Ä¢\n‚Ä¢\n‚Ä¢\n‚Ä¢\n#aliendisclosure #pleiadian #grayalien #ufo #ufosightingsdaily #ufosighting #ufology #mufon #ancientaliens #annunaki #annunakihistory #mentalhealth #ontologicalshock #masshysteria #pandemic #israel #gaza #palestine #freeisrael #freepalestine #soulnexus,"ufosightingsdaily, annunaki, mentalhealth, ufology, ufo, grayalien, freepalestine, pleiadian, mufon, ufosighting, ontologicalshock, pandemic, freeisrael, israel, soulnexus, annunakihistory, aliendisclosure, masshysteria, palestine, ancientaliens, gaza",
14.jpg,https://scontent-zrh1-1.cdninstagram.com/v/t51.29350-15/352386404_760632639136497_251162802542988278_n.webp?stp=dst-jpg_e35&_nc_ht=scontent-zrh1-1.cdninstagram.com&_nc_cat=109&_nc_ohc=6kYub3sZ2hsQ7kNvgFTFZ3n&edm=AA0rjkIBAAAA&ccb=7-5&oh=00_AYAaAQ5986nnXkvhhYaRhVKjLBfnga8Z4PptP8v_Td0EjQ&oe=666401F8&_nc_sid=49ed71,"Thussy \n\n#thelema #st√ºssy #drawing #the_s_thing #pen #stussy #stussys #sacredgeometry #chaosmagick #unicursalhexagram #super_s #hexagram #sacredgeometryart #duality #90s #soulnexus #supers #st√ºssys #tutorial #howtodraw \nThis work by me (tim.asdfghjkl) is licensed under a Creative Commons Attribution-NonCommercial 4.0 International License. To view a copy of this license, visit http://creativecommons.org/licenses/by-nc/4.0/ or send a fucking letter to Creative Commons, PO Box 1866, Mountain View, CA 94042, USA.","chaosmagick, tutorial, sacredgeometry, supers, unicursalhexagram, howtodraw, stussys, the_s_thing, stussy, thelema, soulnexus, st, pen, super_s, duality, drawing, hexagram, sacredgeometryart, 90s",
15.jpg,https://scontent-zrh1-1.cdninstagram.com/v/t51.29350-15/311990966_3704831256410452_7194490669980230449_n.jpg?stp=dst-jpg_e35_s1080x1080&_nc_ht=scontent-zrh1-1.cdninstagram.com&_nc_cat=104&_nc_ohc=jNiAkW1OyXYQ7kNvgHWR8ze&edm=AA0rjkIBAAAA&ccb=7-5&oh=00_AYAKiQ8HLmxxT6OUYp1dnuOkbAOPjJLDiPXuY-Pu-vRZvw&oe=66640B31&_nc_sid=49ed71,"LIVESTREAM LINK IN COMMENTS! \n\nwelcome moderators from a popular Reddit forum called ""Soulnexus,"" a subreddit focused on spirituality and consciousness. Five years ago at its inception, the forum had 100 members and was a tiny offshoot from a Mandela Effect-related forum named ""Retconned."" Today in Fall 2022, subscriber count recently passed the 100,000 mark and has made Soulnexus one of the top 1% Reddit forums!\n\nToday's discussion includes Soulnexus moderators Kip (u/DefNotJRossiter), Wren (u/AnubisWitch), and Alex (u/Kingofqueenanne). They will discuss the genesis of the forum, aspects of spirituality and the idea of ascension, and they discuss how the forum could evolve in the future. \n\n--------------------\nSUBSCRIBE TO SOULNEXUS:\nwww.reddit.com/r/Soulnexus\n\n--------------------\nSUBSCRIBE TO COSMIC JESTERS:\n@CosmicJestersShow on YouTube, Instagram\n@CosmicJesters on Facebook, Twitter\nwww.cosmicjesters.com\n\n--------------------\n\n#Soulnexus #Reddit #Spirituality #Consciousness #Starseeds #Extraterrestrials #Awaken #Ascension #DivineMasculine #DivineFeminine #Empath #HigherConsciousness #Highvibration #lightworker #multidimensional #paradigmshift #sourceenergy #spiritualevolution #starseedactivation #thirdeye","sourceenergy, multidimensional, DivineMasculine, Starseeds, Ascension, starseedactivation, DivineFeminine, spiritualevolution, HigherConsciousness, Highvibration, Reddit, Empath, lightworker, thirdeye, Soulnexus, Consciousness, Extraterrestrials, paradigmshift, Spirituality, Awaken","CosmicJesters, CosmicJestersShow"
16.jpg,https://scontent-zrh1-1.cdninstagram.com/v/t51.29350-15/239012960_800656203950353_4043605752595590451_n.jpg?stp=dst-jpg_e35_p1080x1080&_nc_ht=scontent-zrh1-1.cdninstagram.com&_nc_cat=101&_nc_ohc=ollLTTDHgK8Q7kNvgGPybow&edm=AA0rjkIBAAAA&ccb=7-5&oh=00_AYChTIa6qXuSC1xe7LBlVG68PWISHap5GMsu-AGyKF7d0Q&oe=6663E84B&_nc_sid=49ed71,We are all infinite spiritual light beings living a temporary human experience. Live in light! Get this t-shirt with the Skull Girl inspired by The legend of Persephone living half in the light and half in the dark. Without the contrast we would not see the light as bright. Link in bio to my website and Esty shop is under the fashion tab. love and light my lovelies! üíïüòáüôèüèª photo & edit @alenadawnad model @alenadawn33 \n\n#spiritual #awakened #psychonaut #buddhism #meditation #spirituality #skullgirls #spiritualawakening  #soulnexus #theoccult #psychic #conspiracy  #futurology #lawofattraction #optimism #bodypositive \n#instadaily #fashionstyle #skullshirt #streetstyle #rockfashion #ravefashion #edmlifestyle #dayofthedead,"ravefashion, streetstyle, futurology, rockfashion, psychonaut, lawofattraction, conspiracy, bodypositive, edmlifestyle, dayofthedead, spiritual, meditation, soulnexus, instadaily, optimism, fashionstyle, buddhism, spiritualawakening, psychic, spirituality, skullgirls, theoccult, skullshirt, awakened","alenadawn33, alenadawnad"
17.jpg,https://scontent-zrh1-1.cdninstagram.com/v/t51.29350-15/214106410_328331715594282_6814718744513623413_n.jpg?stp=dst-jpg_e35_p1080x1080&_nc_ht=scontent-zrh1-1.cdninstagram.com&_nc_cat=106&_nc_ohc=Ax_AkNyMs48Q7kNvgFm4ZLc&edm=AA0rjkIBAAAA&ccb=7-5&oh=00_AYDARcIq3KHmpapGkhvOiZtFWqokTehXz-4z_5D7CcWjLQ&oe=66641229&_nc_sid=49ed71,Hangin out with Mother Nature is where it‚Äôs at üå≤üåéüåä‚òÄÔ∏è get some sun and revive yourself! Happy Monday!,,
18.jpg,https://scontent-zrh1-1.cdninstagram.com/v/t51.29350-15/201831504_1214047269014172_8763552819351648040_n.jpg?stp=dst-jpg_e35_p1080x1080&_nc_ht=scontent-zrh1-1.cdninstagram.com&_nc_cat=100&_nc_ohc=c_KUkgThnw4Q7kNvgFWMAlB&edm=AA0rjkIBAAAA&ccb=7-5&oh=00_AYDOKZ9MrGSwaPfJta8AA2nsmm39yy89pPbxdx5VM15VKA&oe=66641772&_nc_sid=49ed71,"Contrast and Contemplation: The world is full of contradictions, similarities and opposing ideas, thoughts and people. Solitude can help you find where you stand more clearly. Do what is best for you. Only you know this in your heart. Hear people out on advice but listen to what your intuition is guiding you to do. \n\nSide note I love birds and took many videos of the amazing birds at this park last time I was there an am going to make short film with it soon! @lakebalboa",,lakebalboa
19.jpg,https://scontent-zrh1-1.cdninstagram.com/v/t51.29350-15/197626881_326965605656629_7864678049083598088_n.jpg?stp=dst-jpg_e35_s1080x1080&_nc_ht=scontent-zrh1-1.cdninstagram.com&_nc_cat=101&_nc_ohc=-4V4BX4awpsQ7kNvgGCvuiq&edm=AA0rjkIBAAAA&ccb=7-5&oh=00_AYARU9zx_nGg2uhXGcyP0m8klkSFhyc2wg1F2XN9P4l-RA&oe=66641B29&_nc_sid=49ed71,So excited to begin this new journey of healing self and others with @energysyncwellness Thank you @thesource.maricruz @roobeh24 @abc_nv and all the other that were present at the event in Joshua tree Here are some photos! More healing events coming soon! Be on the look out! Feel free to DM me to get more info or follow @energysyncwellness üôèüèªüòáüíï have a blessed evening üåñ,,"energysyncwellness, abc_nv, thesource.maricruz, roobeh24"
20.jpg,https://scontent-zrh1-1.cdninstagram.com/v/t51.29350-15/186704440_803206873927284_2350284422058868016_n.jpg?stp=dst-jpg_e35_p1080x1080&_nc_ht=scontent-zrh1-1.cdninstagram.com&_nc_cat=100&_nc_ohc=yBYkI434cCEQ7kNvgGOfnOh&edm=AA0rjkIBAAAA&ccb=7-5&oh=00_AYDVklc2C3KXQBQcojC4j3_4DqnufmykiIBZyPmoEAv4fw&oe=6663EFF6&_nc_sid=49ed71,"I heard a story about a fish\n\nHe swims up to the older fish and says,\n"" I'm trying to find this thing they call the ocean. "" \n"" The ocean? "" Says the older fish.\n"" That's what you're in right now.""\n""This?"" Says the young fish.\n""This is water. What I want is the ocean. ""\n\n#soulnexus #soul #lostintranslation #shotoniphone #sky #moodysky #dhaka #bangladesh","soul, lostintranslation, bangladesh, shotoniphone, soulnexus, sky, dhaka, moodysky",
21.jpg,https://scontent-zrh1-1.cdninstagram.com/v/t51.29350-15/142814737_261472422220085_914252814364747893_n.jpg?stp=dst-jpg_e35&_nc_ht=scontent-zrh1-1.cdninstagram.com&_nc_cat=105&_nc_ohc=sGVuR9j0qQgQ7kNvgGGzwmS&edm=AA0rjkIBAAAA&ccb=7-5&oh=00_AYBg9ukiW1c3QPIxEIJPjvYkfvceqocD6Ozqce38L7Comw&oe=66600BF6&_nc_sid=49ed71,This a WAKE UP call... got my new hoodie @alenadawnad get yours too! Who‚Äôs awake? It‚Äôs time for for the world to wake up and ascend to a more peaceful planet. It takes all of you! Calisthenics always raises my vibration üôåüèª so do what you love and love what you do! \n\n#spiritual #awakened #psychonaut #buddhism #meditation #spirituality #todayilearned #spiritualawakening #christianity #soulnexus #theoccult #psychic #conspiracy  #futurology #lawofattraction #calisthenics #spiritualclothing #wakeup #wakeupcall #optimism #bodypositive #pkgirl #calisthenicstraining,"wakeup, futurology, pkgirl, psychonaut, lawofattraction, conspiracy, bodypositive, spiritualclothing, calisthenics, calisthenicstraining, spiritual, meditation, soulnexus, optimism, christianity, buddhism, spiritualawakening, wakeupcall, todayilearned, psychic, spirituality, theoccult, awakened",alenadawnad
22.jpg,https://scontent-zrh1-1.cdninstagram.com/v/t51.29350-15/127962450_1265773080466538_8804826565067171059_n.jpg?stp=dst-jpg_e35&_nc_ht=scontent-zrh1-1.cdninstagram.com&_nc_cat=102&_nc_ohc=V_bAcCLPWNkQ7kNvgE-lY2V&edm=AA0rjkIBAAAA&ccb=7-5&oh=00_AYAWGHe_15AYmE2YTvo3f4yyCz_VDvG7vrCv-6cIjbDkpA&oe=6663F8E6&_nc_sid=49ed71,"All sweatshirts, socks, and gaiter masks on sale 20% off Friday thru Monday! Link in bio! #blackfriday #blackfridaysale","blackfriday, blackfridaysale",
23.jpg,https://scontent-zrh1-1.cdninstagram.com/v/t51.29350-15/122966324_1268416826855773_4294148969233464831_n.jpg?stp=dst-jpg_e35_s1080x1080&_nc_ht=scontent-zrh1-1.cdninstagram.com&_nc_cat=101&_nc_ohc=V31V88sDdWsQ7kNvgHDiqTj&edm=AA0rjkIBAAAA&ccb=7-5&oh=00_AYB57vJo9CBRckuNnV_zekL-60ro2qnbT9aUVxBFCoeQfQ&oe=6663F3C1&_nc_sid=49ed71,"When we listen to our intuition we are aligning our mind, body, and spirit with our true core values. It‚Äôs our body reminding us of some kind of universal law and at least in my experience, my intuition is always right. Since trusting what I know to be true my visions have only grown stronger. Today I will listen with my eyes and hear with my heart ‚ô•Ô∏èsending light and love to all of you! #awakened #soul #soulnexus #goddess #5D #channeling #visions #spiritualawakening #spirituality #wisdom #message #woke","soul, spirituality, soulnexus, wisdom, goddess, channeling, visions, message, spiritualawakening, 5D, woke, awakened",
24.jpg,https://scontent-zrh1-1.cdninstagram.com/v/t51.29350-15/120846666_372688717442828_7712014377718954578_n.jpg?stp=dst-jpg_e35_p1080x1080&_nc_ht=scontent-zrh1-1.cdninstagram.com&_nc_cat=108&_nc_ohc=vNVSiVHvS5kQ7kNvgGWFHxU&edm=AA0rjkIBAAAA&ccb=7-5&oh=00_AYCM_Mz0WM3ZOM2sqnsvcwmM8axTJV2SefZui_AUw-AZ7w&oe=66640757&_nc_sid=49ed71,"life is to be experienced, not understood. a most interesting month of September  #soulnexus",soulnexus,
25.jpg,https://scontent-zrh1-1.cdninstagram.com/v/t51.29350-15/103837274_252572256192690_4280706857242751553_n.jpg?stp=dst-jpg_e35_s1080x1080&_nc_ht=scontent-zrh1-1.cdninstagram.com&_nc_cat=106&_nc_ohc=moDMlW5rARIQ7kNvgFFxZnz&edm=AA0rjkIBAAAA&ccb=7-5&oh=00_AYBOV0QAga1y33k8MXVM0Hv79u2TzGPaeBnOZU7C7j0vUQ&oe=66640E43&_nc_sid=49ed71,"Large ammonite disc!\nThis awesome thing is about the size of a personal 10' pizza üçï \nAlmost everything at soul nexus is completely natural, but we had to go off the beaten path with this one. Here we have over 50 different natural ammonite fossils (some are pyritized) which were handcrafted together into a small plate with resin.\nCan you count how many fossils are in the photo?üî¢ü§î\nComment belowüëá\n\nDm for serious inquiries \n#soulnexus #ammonite #fractalart #fractaluniverse #ammonitefossil #fossilsaretite #fossilart #savannahgeorgia #staytogether #sacredgeometry #geometricuniverse #thankyouforexisting","ammonite, fossilart, fractalart, geometricuniverse, ammonitefossil, sacredgeometry, thankyouforexisting, fractaluniverse, soulnexus, fossilsaretite, staytogether, savannahgeorgia",
26.jpg,https://scontent-zrh1-1.cdninstagram.com/v/t51.2885-15/103706885_890384878121486_1686914361402630009_n.jpg?stp=dst-jpg_e35_s1080x1080&_nc_ht=scontent-zrh1-1.cdninstagram.com&_nc_cat=102&_nc_ohc=iJY6Gzg4_ykQ7kNvgGrnzg4&edm=AA0rjkIBAAAA&ccb=7-5&oh=00_AYD9MPgTp08CUJC1UR3X7vA4h1fkKWLeqPy2qfv0yLeT2Q&oe=6664111F&_nc_sid=49ed71,Check out this wicked Ethiopian Opal. \nJust over 3 grams and includes multiple background depths.This opal is dark at its core and clear on the outside along with a crazy array of flash displaying every color of the rainbow.üòá\nKeep shining beautiful people!\n\n#soulnexus #gemsforall #crazyopal #opal #ethiopianopal #galaxy #galaxyinspired #opalsogood #opalgalaxy #912art #stayhydrated #opalsforsale,"opalsforsale, gemsforall, crazyopal, soulnexus, 912art, galaxy, opal, opalsogood, ethiopianopal, stayhydrated, opalgalaxy, galaxyinspired",
27.jpg,https://scontent-zrh1-1.cdninstagram.com/v/t51.2885-15/102972149_573254883614865_5558614903261825455_n.jpg?stp=dst-jpg_e35_s1080x1080&_nc_ht=scontent-zrh1-1.cdninstagram.com&_nc_cat=109&_nc_ohc=cAbrQPLiyCQQ7kNvgH-U4S-&edm=AA0rjkIBAAAA&ccb=7-5&oh=00_AYDHcbDvdA8SAOpNXSF8XYZqNCxalIfRRAhH7DdsLKgcXA&oe=6663EEC8&_nc_sid=49ed71,"Record keeper Sapphiresüî∑Ô∏èüíô\nFor sale $6/g\nRecord keeper crystals are identified by small triangles etched, indented or slightly protruding from the crystal.\n\nMetaphysical Properties:\nA stone of awareness, wisdom, & prosperity. Sapphires promote mental acuity & focus.\nThey are wonderful stones for meditation. They help one to reach deeper states of consciousness and psychic awareness. Because these are record keeper crystals they are thought to contain ancient knowledge. If one is ready they are said to begin to reveal universal knowledge.\nSapphires stimulate the crown, third eye & throat chakras.\n\n#soulnexus #gemstothepeople #precious\n#preciousgems\n#sapphire #recordkeepercrystal #recordkeeper #recordkeepers #sapphireforsale #corundum #ancientknowledge #triangles","precious, recordkeepers, triangles, corundum, soulnexus, gemstothepeople, preciousgems, sapphireforsale, ancientknowledge, recordkeeper, recordkeepercrystal, sapphire",
28.jpg,https://scontent-zrh1-1.cdninstagram.com/v/t51.2885-15/101962495_250600623050868_653703493391773289_n.jpg?stp=dst-jpg_e35_s1080x1080&_nc_ht=scontent-zrh1-1.cdninstagram.com&_nc_cat=100&_nc_ohc=y313hTVJGkUQ7kNvgHag_kE&edm=AA0rjkIBAAAA&ccb=7-5&oh=00_AYAjjSPE-qOPE_On-TWtNxu6IuGOcxe5x9pdxPkTc3Vr9Q&oe=6663F558&_nc_sid=49ed71,"Beautiful lightly polished rubies!\n$15/ piece ""Most people don't realize that ruby and sapphire are both gems of the mineral¬†corundum. Both of these¬†gemstones¬†have the same chemical composition and the same¬†mineral structure. Trace amounts of impurities determine if a gem corundum will be a brilliant red ruby or a beautiful blue sapphire. It is surprising that ""impurities"" can produce such wonderful results!\nRubies are gem corundums with a dominant red color. The color can range from orangy red to purplish red or brownish red. The most desirable color range is a pure vibrant red to a slightly purplish red.\nThe red color of ruby is produced by the presence of¬†chromium in the gem. A small trace of chromium will produce a pink color. To be considered a ruby, there must be enough chromium to give the gem a distinctly red color."" #soulnexus #gemstothepeople #gems #polishedruby #rubyhexagon #niceruby #rubystrong #crystalsforsale #allaboutthelove #corundum #thankyouforexisting #chromium #rubyknowledge #julybaby #borninjuly","rubyknowledge, thankyouforexisting, soulnexus, gemstothepeople, crystalsforsale, allaboutthelove, chromium, julybaby, borninjuly, rubyhexagon, rubystrong, niceruby, polishedruby, corundum, gems",
29.jpg,https://scontent-zrh1-1.cdninstagram.com/v/t51.2885-15/101239913_254585048957810_5316134678120577794_n.jpg?stp=dst-jpg_e35_s1080x1080&_nc_ht=scontent-zrh1-1.cdninstagram.com&_nc_cat=102&_nc_ohc=VG6nDdlI2QAQ7kNvgFjlXIS&edm=AA0rjkIBAAAA&ccb=7-5&oh=00_AYBqr2shaMreTHctyXwOxn10TR98Y8oW3IkTnLHtuLCTkg&oe=6663EC16&_nc_sid=49ed71,"üíúBig and mini me amethyst scepters.üíú ""Scepter quartzes are crystals in which a second generation crystal tip grew on top of another quartz crystal. In a typical scepter quartz, the younger tip is larger than the first tip, but it may also be smaller (then sometimes called a ""reverse scepter""). To be a scepter quartz, the second generation quartz crystal must grow parallel to the underlying crystal. Whether the second generation grew on the old tip, sideways on the prism, or somewhere in between is not relevant."" #soulnexus #Amethyst #amethystscepter #interestinggrowth #growth #pair #amethystset #thankyouforexisting #art912 #savannahgeorgia #purpleeverything","growth, thankyouforexisting, Amethyst, soulnexus, interestinggrowth, amethystset, art912, purpleeverything, savannahgeorgia, pair, amethystscepter",
30.jpg,https://scontent-zrh1-1.cdninstagram.com/v/t51.2885-15/101358225_3211650642229039_2345204607044415632_n.jpg?stp=dst-jpg_e35_s1080x1080&_nc_ht=scontent-zrh1-1.cdninstagram.com&_nc_cat=107&_nc_ohc=MtWV3bVA6lAQ7kNvgGCtUak&edm=AA0rjkIBAAAA&ccb=7-5&oh=00_AYB3DKwB6IdUNssRJzUTbVk8GWQtNfAlKSFKApExcvKBdQ&oe=6663F7B5&_nc_sid=49ed71,Imperial topaz from brazil üáßüá∑ Most pieces range from 1.5 to 4 grams each.\nOnly $6/g\n#soulnexus #imperialtopaz #topaz #gemmy #thankyouforexisting #brazilcrystals #brazilminerals #topazforsale #gemstonesforjewelry #gemstonehealing,"brazilminerals, imperialtopaz, gemstonehealing, thankyouforexisting, soulnexus, gemstonesforjewelry, brazilcrystals, topazforsale, gemmy, topaz",
31.jpg,https://scontent-zrh1-1.cdninstagram.com/v/t51.2885-15/101401335_271937070526860_4365309502756634996_n.jpg?stp=dst-jpg_e35_p1080x1080&_nc_ht=scontent-zrh1-1.cdninstagram.com&_nc_cat=100&_nc_ohc=_wGO9IsYlsEQ7kNvgFdXCJz&edm=AA0rjkIBAAAA&ccb=7-5&oh=00_AYBH_tLbUz7Kf1bERcIHMKu_PdkoPM2pzwsSrxZ-SE67hA&oe=666409BC&_nc_sid=49ed71,Tourmaline really is so fascinating. It comes in oh so many colors and pops up in mines all over the world üåèwith inclusions from dozens of other minerals. Its definitely in our top 5 favorite minerals.\nThese photos are behind light to really show off the array of different colors from our 60s Brazilian stock tourmaline. \nWhich color is your favorite?\nüíôüíõüíö #soulnexus #gemmy #tourmalineforsale #tourmaline #60stourmaline #brazilcrystals #brazilminerals #braziltourmaline #thankyouforexisting #havealovelyday #ooohshiny,"tourmalineforsale, brazilminerals, braziltourmaline, 60stourmaline, tourmaline, thankyouforexisting, soulnexus, brazilcrystals, havealovelyday, gemmy, ooohshiny",
32.jpg,https://scontent-zrh1-1.cdninstagram.com/v/t51.2885-15/101025150_671676436723734_7888122411044539616_n.jpg?stp=dst-jpg_e35_s1080x1080&_nc_ht=scontent-zrh1-1.cdninstagram.com&_nc_cat=106&_nc_ohc=PltzEEdVSAQQ7kNvgFHipo5&edm=AA0rjkIBAAAA&ccb=7-5&oh=00_AYCw9wCcubGCVc9MjYMB5fFGg8mKbBYveSjw94IhNinLAA&oe=66640551&_nc_sid=49ed71,Each one is like a glimpse into another galaxy. üåå Black opals are such a treat! These really do need to be seen in person to appreciate fully ü•∞\nOnly $10 a piece\nüíõüíöüíôüñ§‚ù§\n#soulnexus #gemstothepeople #opal #opalgalaxy #blackopal #blackopals #blackopalsforsale #gemmy #crystalparcel #crystalsforsale #912forsale #,"gemmy, soulnexus, blackopalsforsale, opal, crystalparcel, gemstothepeople, crystalsforsale, 912forsale, blackopals, opalgalaxy, blackopal",
33.jpg,https://scontent-zrh1-1.cdninstagram.com/v/t51.2885-15/100761912_137981237863039_5812411945799611206_n.jpg?stp=dst-jpg_e35_s1080x1080&_nc_ht=scontent-zrh1-1.cdninstagram.com&_nc_cat=107&_nc_ohc=EB5BeYbF1kUQ7kNvgEzRhw6&edm=AA0rjkIBAAAA&ccb=7-5&oh=00_AYBucEQaI4huMGxX-_RoXsfQPaLIsiogfHPgHoNueLi8jA&oe=66640640&_nc_sid=49ed71,"Just a close up shot of some of the juice we have in store at Soul Nexus. We just love the way all of these transluscent stones look together! üí•\nSo we have quite a few minerals pictured, can YOU guess them all?\nGuess in the comment sectionüëá\n‚ùìwe will give you a hint to start off: sunstone (bottom left)üòä #soulnexus #gemstothepeople #gems #thankyouforexisting #tourmalineforsale #hintnumbertwo #gemsforall #guessthegemstone #allforsale","tourmalineforsale, gemsforall, thankyouforexisting, soulnexus, allforsale, gemstothepeople, hintnumbertwo, guessthegemstone, gems",
34.jpg,https://scontent-zrh1-1.cdninstagram.com/v/t51.2885-15/100583535_285517615809205_8013452620193054656_n.jpg?stp=dst-jpg_e35_s1080x1080&_nc_ht=scontent-zrh1-1.cdninstagram.com&_nc_cat=101&_nc_ohc=Z4MBIlWTZ_AQ7kNvgFNc8h9&edm=AA0rjkIBAAAA&ccb=7-5&oh=00_AYAHGc-KSw1mdhZf59aBjDAheXNs6LcCHNAGdVnDpLTZxg&oe=6663ECFD&_nc_sid=49ed71,Gorgeous blue cap tourmaline with great color zoning for a steal! \nOnly $22\n1.85g\n24 √ó 6 mm\n#soulnexus #gemstothepeople #gems #thankyouforexisting #tourmaline #bluetourmaline #juicygems #wirewrappedjewelry #wrappables #tourmalineforsale,"tourmalineforsale, bluetourmaline, juicygems, tourmaline, thankyouforexisting, soulnexus, wrappables, gemstothepeople, wirewrappedjewelry, gems",
35.jpg,https://scontent-zrh1-1.cdninstagram.com/v/t51.2885-15/98319560_112569136934130_6174805462262458648_n.jpg?stp=dst-jpg_e35_s1080x1080&_nc_ht=scontent-zrh1-1.cdninstagram.com&_nc_cat=106&_nc_ohc=V3PsiR9-3gIQ7kNvgG9DQj-&edm=AA0rjkIBAAAA&ccb=7-5&oh=00_AYBjwugTbusXeu5jSV_T8E-IZbwaiIBByBsZBkpZx0K4vQ&oe=6663FF36&_nc_sid=49ed71,Where are the March babies? We have some awesome aquamarine facets in 2.5 mm and 4 mm sizes.\nMessage us today!\n\n#soulnexus #gemstothepeople #gems #gemstones #wirewrappedjewelry #thankyouforexisting #aquamarine #aquamarinecrystal #aquamarinefacet #oceangems #iwanttoeat,"gemstones, aquamarinecrystal, oceangems, thankyouforexisting, soulnexus, aquamarinefacet, gemstothepeople, iwanttoeat, wirewrappedjewelry, aquamarine, gems",
36.jpg,https://scontent-zrh1-1.cdninstagram.com/v/t51.2885-15/97536343_258649355451098_5074391219749913240_n.jpg?stp=dst-jpg_e35_s1080x1080&_nc_ht=scontent-zrh1-1.cdninstagram.com&_nc_cat=102&_nc_ohc=FNpUOp88Ft0Q7kNvgHWD_N2&edm=AA0rjkIBAAAA&ccb=7-5&oh=00_AYB5S1FivrkQL4nVe9uPat8nCXtcN8OEN_YCvXccaji7pQ&oe=66640789&_nc_sid=49ed71,"We have a beautiful parcel of multi-colored tourmaline from the Watala Mine, Afghanistan. \nMost pieces here have really neat color zoning ranging from dark green to vibrant pink and even some blue hues! \nThe name for tourmaline actually comes from a Sinhalese word ""turn mali"" which translates to mixed colored stones.\n\nWhats your favorite color tourmaline? Let us know in the comments below üëá\n\n#soulnexus #gemstothepeople #thankyouforexisting #tourmaline #afghanistantourmaline #multicoloredtourmaline #multicolored #bicolor #bicolortourmaline #juicygems #minerals #mineralporn #crystalparcel #gemsforall","bicolortourmaline, mineralporn, gemsforall, juicygems, tourmaline, thankyouforexisting, soulnexus, minerals, crystalparcel, gemstothepeople, multicoloredtourmaline, multicolored, afghanistantourmaline, bicolor",
37.jpg,https://scontent-zrh1-1.cdninstagram.com/v/t51.2885-15/92457777_678285266049497_4024923732769676548_n.jpg?stp=dst-jpg_e35_s1080x1080&_nc_ht=scontent-zrh1-1.cdninstagram.com&_nc_cat=105&_nc_ohc=W3DMJwankiAQ7kNvgFsGr9S&edm=AA0rjkIBAAAA&ccb=7-5&oh=00_AYDObqiVRYjnEUsEHvI2rVUOmQbCZlqyYQpzyAORWKKBTQ&oe=66640006&_nc_sid=49ed71,"ü§∏‚Äç‚ôÇÔ∏èWould ya take a look a those! \nCheck out this super juicy pair üçí\nWe have a 5.36 g pink tourmaline from Afghanistan and a gorgeous twinned aquamarine at 7.55 g with  a deep aqua blue hailing from Vietnam.\nPm to get either today!\nDeal if you take both! üòÅ\n\n#gemmy #soulnexus #thankyouforexisting #crystallove #welikeit ,#aquamarine #aquamarinecrystal #tourmaline #pinktourmaline #crystalsforsale #juicygems #iwanttoeat #cottoncandy","aquamarinecrystal, crystallove, juicygems, tourmaline, thankyouforexisting, soulnexus, crystalsforsale, iwanttoeat, cottoncandy, gemmy, welikeit, aquamarine, pinktourmaline",
38.jpg,https://scontent-zrh1-1.cdninstagram.com/v/t51.2885-15/97372563_2532264823691135_5643018919881185799_n.jpg?stp=dst-jpg_e35_s1080x1080&_nc_ht=scontent-zrh1-1.cdninstagram.com&_nc_cat=111&_nc_ohc=VbcK8cX861cQ7kNvgGg_5qp&edm=AA0rjkIBAAAA&ccb=7-5&oh=00_AYBCjGjcHihFIDAsC4O-7cXpez0i2f6KfeBWGyBZbV3uvQ&oe=66641516&_nc_sid=49ed71,"Very happy to share the latest custom collab(2) with @alan_wood_art ü•≥\n\nFeatured in this pendant is a gorgeous rough ruby centerpiece, accented with three pearlsüò∏ü§ç. I'd explain the significance of this piece in my own words but our good friend @alex_safiedine  did it betterüòÖ ""I‚Äôm extremely stoked. Way happier than I thought I would be. This is my new pendent from @soulnexus.gems made by the extremely gifted @silverwraps and @alan_wood_art. It means so much to me. \nOne of my earliest memories I can recall is laying outside and looking at the stars. I recall seeing three stars in a line, little me claimed that middle star and called it ‚Äúthe lucky lexi star.‚Äù This didn‚Äôt fade with my age, whenever I saw my star in the night sky, I felt such comfort and joy. I later discovered that my lucky star is a part of a major constellation, Orion. The middle star in his belt. It‚Äôs named Alnilam which means string of pearls in Arabic, the language my dads side of the family speaks. \nOrion‚Äôs Belt has significants to many civilization and people, it lined up with three pyramid groups across the world. It‚Äôs also said that you ‚Äúmake the journey through the doorway of the 11:11‚Äù through my lucky star. I can now wear my good luck charm all year. Rain, clouds, and cold. I didn‚Äôt even touch on the importance of the magnificent ruby in the middle, perhaps another time.\n\nThis beautiful piece created by fantastic individuals is a partner of mine in this life. \nThank you."" üíúWere thrilled to be able to bring a piece to life that holds such a story and such value! Thanks so much for the artistic freedom, love and support!üíûüôÜ‚Äç‚ôÇÔ∏è @alex_safiedine\n\n#soulnexus #thankyouforexisting #collab #silverwraps #alanwoodart #madewithcare #ruby #roughruby #pearls #wire #wirewrap #wireweapofig #wirewrapper #wirewrappedjewelry #1111 #powerofthree #wemadeit","wemadeit, ruby, alanwoodart, wirewrapper, 1111, thankyouforexisting, soulnexus, wirewrap, roughruby, wirewrappedjewelry, wireweapofig, wire, collab, pearls, madewithcare, silverwraps, powerofthree","silverwraps, alex_safiedine, soulnexus.gems, alan_wood_art"
39.jpg,https://scontent-zrh1-1.cdninstagram.com/v/t51.2885-15/97011182_645269159587986_5158404913447682621_n.jpg?stp=dst-jpg_e35_p1080x1080&_nc_ht=scontent-zrh1-1.cdninstagram.com&_nc_cat=106&_nc_ohc=TnNbjE9qMvMQ7kNvgETNRWn&edm=AA0rjkIBAAAA&ccb=7-5&oh=00_AYCR6nvfnEDa7TJBOscN5hFJkb-vtEr-DgnhcYm12sfamw&oe=6664092D&_nc_sid=49ed71,"Selenite and Desert Rose üåπüåö\nBoth of these crystal types are actually just structural varieties of the same mineral gypsum. Gypsum mostly forms in lagoons where ocean waters high in calcium and sulfate content can slowly evaporate and be regularly replenished with new sources of water. Gypsum forms all over the world wherever there is salt water, deserts, tunnels, and new formations in old mines.\n\nSelenite is quite a fragile crystal at a mohs scale of just 2. Even test out the durability just by scratching with your finger and you'll see a streak.\n\nSelenite is the largest crystal ever discovered in the world üåé at a length of 37 feet and 55 tons. üò≥ \nIt is a staple in metaphysical use.  Selenite is all about activation and reaching higher planes. It is known for connecting to the third eye, crown, transpersonal and Etheric chakras. Through radiating light energy, it promotes purity and honesty. It forces the person holding it to be honest with themselves.\n\nThe list goes on and on. Such an interesting crystal to say the least!ü§Ø‚ò∫ #soulnexus #gemstothepeople #gems #selenitecrystal\n#selenitetower #selenitewand #selenitewands #desertrose #selenitedesertrose #crystal #mineralknowledge #crystalsforsale","selenitedesertrose, selenitewand, crystal, desertrose, soulnexus, selenitetower, mineralknowledge, selenitewands, gemstothepeople, crystalsforsale, selenitecrystal, gems",
40.jpg,https://scontent-zrh1-1.cdninstagram.com/v/t51.2885-15/96380557_137986094474826_12242915819076781_n.jpg?stp=dst-jpg_e35_s1080x1080&_nc_ht=scontent-zrh1-1.cdninstagram.com&_nc_cat=106&_nc_ohc=C6uGKnmYZbwQ7kNvgHLbjox&edm=AA0rjkIBAAAA&ccb=7-5&oh=00_AYD9mqnJUpSShC4Hnle7hsK4YSwydQ0W30wJe5Vc18eX5g&oe=666408B1&_nc_sid=49ed71,"Super gemmy rhodonite from Brazil.\nüíØüíØüíØ\nRhodonite is an attractive mineral that is often carved and used in jewelry. It is named after the Greek word for rose, or rhodon. These specimens here are some of the more translucent, gem grade, Rhodonite we have come across. \nLet us know if you would like to scoop some of these affordable crystals today‚ù§\n#soulnexus #rhodonite #thankyouforexisting #rhodonitestone #rhodoniteforsale #brazilcrystals #brazilminerals #brazilstone #mineralcollecting #gemmy #thejuice","brazilminerals, brazilstone, mineralcollecting, thankyouforexisting, soulnexus, thejuice, brazilcrystals, rhodonitestone, gemmy, rhodonite, rhodoniteforsale",
41.jpg,https://scontent-zrh1-1.cdninstagram.com/v/t51.2885-15/96583634_1164255903934614_6862596007529163052_n.jpg?stp=dst-jpg_e35_s1080x1080&_nc_ht=scontent-zrh1-1.cdninstagram.com&_nc_cat=106&_nc_ohc=5rCC4jCn7SIQ7kNvgFBp_IT&edm=AA0rjkIBAAAA&ccb=7-5&oh=00_AYC658Ok9oWoLTd1wpZUGVoRCNBRRMLxveigjMFVyQ6hTQ&oe=666419E2&_nc_sid=49ed71,"""When watching after yourself, you watch after others. When watching after others, you watch after yourself."" Buddha\n\nThis quote just seemed too fitting for our buddha statue holding a buddha carving. We hope everyone is doing well and feeling connected! A simple text, call, Or message can really lift someone up or yourself. Self care is care for others and care for the self. Soul Nexus loves youüíô\n\n#labradoritecarving #buddhacarving #buddhaquotes #thankyouforexisting #soulnexus #labradorite #carvedlabradorite #reachout #stayhydrated","labradoritecarving, labradorite, thankyouforexisting, soulnexus, buddhacarving, reachout, buddhaquotes, stayhydrated, carvedlabradorite",
42.jpg,https://scontent-zrh1-1.cdninstagram.com/v/t51.2885-15/96585153_228994318524890_8463304387807052260_n.jpg?stp=dst-jpg_e35_s1080x1080&_nc_ht=scontent-zrh1-1.cdninstagram.com&_nc_cat=102&_nc_ohc=a1ti8XaHFzEQ7kNvgHdoKr-&edm=AA0rjkIBAAAA&ccb=7-5&oh=00_AYBRSDo2zM2JhQ0OSkZjX0RxrMIFO8N8RCoXfvq8HjMQsw&oe=6663EADB&_nc_sid=49ed71,"Some of our favorites from the famous Rogerly Mine in England. Aside from the magnificent cubic structure, this flourite¬†is famous for its wonderful daylight fluorescence which causes the emerald-green crystals to glow an intense and vibrant purple. And just went you thought it couldn't get any better, this stuff is UV reactive üëΩand glows an amazing pink hue when under black light!\n\nWe are offering most of our flourite for only 5/g.üò≤ü•≥ #soulnexus #thankyouforexisting #heartchakra #mineralporn #flourite #rogerlyfluorite #flouriteforsale #dank #uvreactive #gems #crystal #912forsale","mineralporn, crystal, thankyouforexisting, soulnexus, rogerlyfluorite, uvreactive, dank, heartchakra, flourite, 912forsale, flouriteforsale, gems",
43.jpg,https://scontent-zrh1-1.cdninstagram.com/v/t51.2885-15/96084076_2879616348782316_3681356689011502868_n.jpg?stp=dst-jpg_e35_s1080x1080&_nc_ht=scontent-zrh1-1.cdninstagram.com&_nc_cat=100&_nc_ohc=yE6CYYFXEgIQ7kNvgHgQ4iZ&edm=AA0rjkIBAAAA&ccb=7-5&oh=00_AYAzVywG-Tz6djSfl-9oZ260fVC-LMpfpYVz0o14aH61Qw&oe=6663EEC9&_nc_sid=49ed71,"Check out this parcel of wrappables we put together and shipped today.( Slide right to see this Black Opal!)‚ö´~üîµ~üåà We're happy to be able to let our customers select out their favorite gemstones, whether in personüôã‚Äç‚ôÄÔ∏è or onlineüë®‚Äçüíª !\nWe can create parcels for all price ranges just shoot us a message!\n\nBlack Opal cabochon\nLarimar teardrop\nMalachite set\n6mm Amethyst facet\n\n#soulnexus #gemstothepeople #larimar #larimarforsale #art912 #gems #gemstones #thankyouforexisting #Amethyst #malachite #customparcel #gemparcel #crystalparcel","gemstones, customparcel, thankyouforexisting, soulnexus, Amethyst, malachite, crystalparcel, gemstothepeople, larimarforsale, larimar, art912, gemparcel, gems",
44.jpg,https://scontent-zrh1-1.cdninstagram.com/v/t51.2885-15/95977612_690112331561565_6690877960718090641_n.jpg?stp=dst-jpg_e35_s1080x1080&_nc_ht=scontent-zrh1-1.cdninstagram.com&_nc_cat=109&_nc_ohc=dc62yJ1sa3YQ7kNvgESXQgC&edm=AA0rjkIBAAAA&ccb=7-5&oh=00_AYB8kAR70xsyZ3XGPTbVW7mtGdx4mLjOTs7bU8OMdBrfRA&oe=6663EF05&_nc_sid=49ed71,"Imperial Topaz parcel\n$50 shipped\nWeight: 9.06 grams\nOuro Preto, Brazil üáßüá∑ Comment or dm to purchase\n\n#soulnexus #imperialtopaz #ouropreto #juicygems #flavors #gemmy #gemsforall #gemsforsale #headygear #mineralcollecting #sodelicious #topaz #brazilcrystals","gemsforsale, gemmy, gemsforall, juicygems, imperialtopaz, mineralcollecting, soulnexus, brazilcrystals, headygear, sodelicious, flavors, ouropreto, topaz",
45.jpg,https://scontent-zrh1-1.cdninstagram.com/v/t51.2885-15/96582212_596375304560818_8405250803007783284_n.jpg?stp=dst-jpg_e35_s1080x1080&_nc_ht=scontent-zrh1-1.cdninstagram.com&_nc_cat=110&_nc_ohc=iFt-q8YLyLQQ7kNvgGb7iCm&edm=AA0rjkIBAAAA&ccb=7-5&oh=00_AYCRPRM1b_MSUYBe9BLpR3g3TlCH8nqW4vIJ16yeynPQ9g&oe=6663F1C9&_nc_sid=49ed71,"üíúüß°Ametrineüß°üíú\n""Whether projecting from pegmatite walls or encrusting cavities in volcanic rock, quartz abounds worldwide. People have used quartz in jewelry for thousands of years. When quartz displays the colors of amethyst and citrine in a single gem, the material is called ametrine or amethyst-citrine. Ametrine‚Äôs only commercial source is the Anahi mine in Bolivia."" In the metaphysical world,\n""Ametrine ¬†is said to be the complete balance of the¬†properties of amethyst and citrine. As a stone of both balance and connection,¬†ametrine¬†is believed to relieve tension, bring serenity and stimulate creativity, as well as balance mental stability and self-confidence."" #soulnexus #gemstothepeople #gems #Amethyst #citrine #quartz #ametrine #ametrineforsale #balance #hiking #dogochasingwaterfalls #simplepleasures #prettycrystals #lovehere #balancedlife","citrine, ametrineforsale, simplepleasures, dogochasingwaterfalls, hiking, Amethyst, soulnexus, quartz, balance, gemstothepeople, ametrine, prettycrystals, balancedlife, lovehere, gems",
46.jpg,https://scontent-zrh1-1.cdninstagram.com/v/t51.2885-15/95561723_534186770805829_8295173918651483750_n.jpg?stp=dst-jpg_e35_s1080x1080&_nc_ht=scontent-zrh1-1.cdninstagram.com&_nc_cat=101&_nc_ohc=Mai65SDDB9IQ7kNvgE_tO4j&edm=AA0rjkIBAAAA&ccb=7-5&oh=00_AYD9f6gFsyQC-JKYcxsw1nMeIwLMvWf-HCC8b5Max6KTTA&oe=66640533&_nc_sid=49ed71,"Does anyone else like to take your rocks, crysals, or minerals on walks? üö∂‚Äç‚ôÇÔ∏èNo leash needed!üêï‚Äçü¶∫ Blessed to be able to spend some time with this awesome flashy blue labradorite near a couple waterfalls on a hike today.\nCheck out the video for its full glory!\nOnly $22 shipped\n\n#soulnexus #rocksonwalks #labradorite #roughlabradorite #thankyouforexisting #throatchakra #waterislifeüíß #stayhydrated #flashylabradorite #yummycrystals #","yummycrystals, labradorite, thankyouforexisting, soulnexus, throatchakra, waterislife, stayhydrated, roughlabradorite, flashylabradorite, rocksonwalks",
47.jpg,https://scontent-zrh1-1.cdninstagram.com/v/t51.2885-15/95382480_1159519927732389_3567991758472019175_n.jpg?stp=dst-jpg_e35_s1080x1080&_nc_ht=scontent-zrh1-1.cdninstagram.com&_nc_cat=109&_nc_ohc=qhxWUKE_n0AQ7kNvgFbwaRK&edm=AA0rjkIBAAAA&ccb=7-5&oh=00_AYCn-jPvX9Kfxqnoe-d8B5hEyydz1qDjLjf2lDtHOBdtaQ&oe=6663FE27&_nc_sid=49ed71,How is everyone holding up with the quarantine? So grateful to be able to get out the house and give nature a visit!\nWe are so in love with how this Labradorite gleams in the sun. It almost looks like it came right from the waterfall itself!üíéüíöüíô Labradorite is only $22 shipped![Sold]\n\n#soulnexus #gems #gemsinnature #livinglife #takeahike #gethealthy #healthyeah #stayconnected #getoutside #getoutsideyourself #thankyouforexisting  #gemsforsale,"gemsforsale, getoutside, stayconnected, getoutsideyourself, thankyouforexisting, soulnexus, takeahike, gemsinnature, livinglife, gethealthy, healthyeah, gems",
48.jpg,https://scontent-zrh1-1.cdninstagram.com/v/t51.2885-15/95389053_371531420418245_4557949713104212896_n.jpg?stp=dst-jpg_e35&_nc_ht=scontent-zrh1-1.cdninstagram.com&_nc_cat=105&_nc_ohc=VwUZB3AB9PwQ7kNvgGVJ6UN&edm=AA0rjkIBAAAA&ccb=7-5&oh=00_AYC-v-jMh8oWCPh3_oHITV6NDLYilneiBT5pF87kyw1PDQ&oe=66601445&_nc_sid=49ed71,Nick Sun tells the story of how he had a brief encounter with the spirit of Ayahuasca and also met the spiritual embodiment of Earth üåç \nListen to the full episode at www.danmcuniverse.com\n\n#ayahuasca #gaia #nicksun #psychedelic #plantmedicine #entheogen #spiritofayahuasca #consciousness #consciousnessshift #podcast #podcastersofinstagram #soul #soulfood #wakeup #freethesheeple  #palss #palls #pals #multiverse #randonaut #soulnexus #lsd #dmt #psilocybinmushrooms #psychodelicart,"soul, wakeup, lsd, consciousnessshift, nicksun, pals, dmt, ayahuasca, plantmedicine, multiverse, podcastersofinstagram, palss, soulfood, spiritofayahuasca, soulnexus, palls, freethesheeple, randonaut, entheogen, psychedelic, psychodelicart, consciousness, podcast, psilocybinmushrooms, gaia",
49.jpg,https://scontent-zrh1-1.cdninstagram.com/v/t51.2885-15/95329759_161158471980978_4722742072974012113_n.jpg?stp=dst-jpg_e35_s1080x1080&_nc_ht=scontent-zrh1-1.cdninstagram.com&_nc_cat=106&_nc_ohc=K-7olYXToCIQ7kNvgE5d0U6&edm=AA0rjkIBAAAA&ccb=7-5&oh=00_AYBMJCQLCdr79zNs-0h7I-g4UEwih9ICrFDTe_pMwY3biA&oe=6663FF3D&_nc_sid=49ed71,"This bumble-bee üêù jasper really fits in  everywhere! We love üíõ having artistic friends who can put together little collages of minerals, paint,  and imagination into one thing! (The jasper is not attached to any of the artwork btw) photo creds to @alfalfa_sprout3 ~We thank you\nüëáüíõüíõüíõüíõüíõüíõüíõüíõüíõüíõüíõüíõüíõüëá\nCheck out our story for more artistic collaborations  in the works with @abbyj.harley üòáüòä #soulnexus #912art #art912 #bumblebee  #bumblebeejasper #savethebees #welovehoney #polinate #minerals #jasperstone #collaborationstation","welovehoney, jasperstone, bumblebeejasper, savethebees, soulnexus, 912art, minerals, bumblebee, art912, polinate, collaborationstation","alfalfa_sprout3, abbyj.harley"
50.jpg,https://scontent-zrh1-1.cdninstagram.com/v/t51.2885-15/95459245_855773521608820_2545958827595950773_n.jpg?stp=dst-jpg_e35&_nc_ht=scontent-zrh1-1.cdninstagram.com&_nc_cat=104&_nc_ohc=8H_wA0bCvgMQ7kNvgEW6N1F&edm=AA0rjkIBAAAA&ccb=7-5&oh=00_AYDZdEjF2KdUZJYbXS7a6BQqKL6TjtvWLw10KWJ_mH_SrA&oe=666014F5&_nc_sid=49ed71,"Julia Landrey from @superconsciousofficial is very clever. If you‚Äôre interested in learning more about lucid dreaming or dream healing, checkout her insta or listen to the full episode at www.danmcuniverse.com\n\n#soulnexus #luciddreams #lucidream #consciousness #consciousnessshift #theawakening #podcastersofinstagram #podcasts #thinkaboutthis #mcuniverse","lucidream, podcasts, thinkaboutthis, theawakening, soulnexus, consciousnessshift, consciousness, mcuniverse, luciddreams, podcastersofinstagram",superconsciousofficial
51.jpg,https://scontent-zrh1-1.cdninstagram.com/v/t51.2885-15/83405512_687327095171551_7974542539556498751_n.jpg?stp=dst-jpg_e35&_nc_ht=scontent-zrh1-1.cdninstagram.com&_nc_cat=107&_nc_ohc=y8oNoM77yjQQ7kNvgGM3CzT&edm=AA0rjkIBAAAA&ccb=7-5&oh=00_AYDPjhjxzGqaHCUKHuQUjZBs6ki4LIvwArNCj7ZeyE5APg&oe=6660023B&_nc_sid=49ed71,Check out these intergalactic rivers in this gorgeous Karoit Boulder Opal! This cabochon will shortly be showcased as the center stone for a collaborative wire effort between @silverwraps and @alan_wood_art\nWhat crystals do you think would accent this stone well?\n\n#soulnexus #wirewrap #healthy #opal #koroit #koroitopal #koroitboulderopal #soulnexuscollab #somanycolors #opalgalaxy #bigthingssmallpackage #thankyouforexisting,"somanycolors, koroitboulderopal, soulnexus, soulnexuscollab, wirewrap, thankyouforexisting, opal, koroitopal, opalgalaxy, bigthingssmallpackage, healthy, koroit","alan_wood_art, silverwraps"
52.jpg,https://scontent-zrh1-1.cdninstagram.com/v/t51.2885-15/94331236_236775277556754_2184366897887189439_n.jpg?stp=dst-jpg_e35&_nc_ht=scontent-zrh1-1.cdninstagram.com&_nc_cat=106&_nc_ohc=Whrv_DcLwYkQ7kNvgEew5BT&edm=AA0rjkIBAAAA&ccb=7-5&oh=00_AYB4s3VGfBWx3FBgGHUPJl0o3MEq9d72dgUgVcnb3J-O7A&oe=66601335&_nc_sid=49ed71,"An excerpt from episode 1. Dr Monica Gagliano, is a very smart woman.... #consciousness #onelove #onelivingthing #life #globalwarming #consciousnessshift #theevent #soulnexus #plantconsciousness","theevent, onelove, onelivingthing, plantconsciousness, consciousnessshift, soulnexus, consciousness, globalwarming, life",
53.jpg,https://scontent-zrh1-1.cdninstagram.com/v/t51.2885-15/94228496_637050670484231_6497544348541066760_n.jpg?stp=dst-jpg_e35_s1080x1080&_nc_ht=scontent-zrh1-1.cdninstagram.com&_nc_cat=111&_nc_ohc=v7cHyUhkM60Q7kNvgETK7hY&edm=AA0rjkIBAAAA&ccb=7-5&oh=00_AYCw6WSi-9LdU_yuo_vHy1if0WAElNtqnRjuVkOU1HU1eQ&oe=66641967&_nc_sid=49ed71,"Soul Nexus Spectrum Chakra Set\n‚ù§üß°üíõüíöüíôüíú\nWe put together a rainbow set of some of our favorite minerals from around the globe üåé \nFrom left to right:\nRhodonite \nImperial Topaz\nAmber\nGolden Apatite\nTourmaline\nBlue Apatite\nAmethyst\n\nWe have this set for sale in our etsy shop for only $60 shipped! If you like any of this material, message us and we can make a custom listing just for you üôÇ\n\n#soulnexus #gemstothepeople #gems #gemstones #thankyouforexisting #chakrahealing #crystalsforthesoul #rhodonite #imperialtopaz #amber #goldenapatite #tourmaline #blueapatite #Amethyst","gemstones, crystalsforthesoul, goldenapatite, imperialtopaz, tourmaline, thankyouforexisting, soulnexus, blueapatite, Amethyst, chakrahealing, gemstothepeople, rhodonite, amber, gems",
54.jpg,https://scontent-zrh1-1.cdninstagram.com/v/t51.2885-15/94222136_178498316555829_5451455640086772134_n.jpg?stp=dst-jpg_e35_s1080x1080&_nc_ht=scontent-zrh1-1.cdninstagram.com&_nc_cat=109&_nc_ohc=hYYEYsrRUAAQ7kNvgGcOsoM&edm=AA0rjkIBAAAA&ccb=7-5&oh=00_AYA7ca-C3Y19LOCr8a73oDFUE7EhfioRaUowSsZ5lSi5Gw&oe=6663EFB5&_nc_sid=49ed71,"üíéLarimarüíé- this rare gemstone, is only found in one place in the world, the Domincan Republic. We have a nice selection of small to large cabochons great for any personal collection or jewelry. üßô‚Äç‚ôÄÔ∏èIn Reiki practices, larimar is often used to activate one's throat chakra to assist with clearer communication. Larimar is also used to clear emotional barriers, facilitate inner wisdom,  and outer manifestation.\n\nLet us know what you think about these cabsüôÉ üëácomment below\n\n#soulnexus #gemstothepeople #larimar #larimarforsale #chakrahealing #throatchakra #innerbeing #dominican #reiki #thankyouforexisting #gems #gemstones #cabochon #gemstonesforjewelry #caribbean #art912 #gemstonesupplier #quarantinestones","cabochon, gemstones, dominican, throatchakra, soulnexus, thankyouforexisting, gemstonesforjewelry, quarantinestones, chakrahealing, gemstothepeople, larimarforsale, larimar, art912, reiki, caribbean, gemstonesupplier, innerbeing, gems",
55.jpg,https://scontent-zrh1-1.cdninstagram.com/v/t51.2885-15/94607849_674435393355850_3482724976000506558_n.jpg?stp=dst-jpg_e35&_nc_ht=scontent-zrh1-1.cdninstagram.com&_nc_cat=110&_nc_ohc=UpL1mdhN6skQ7kNvgEYuBdS&edm=AA0rjkIBAAAA&ccb=7-5&oh=00_AYDDOyHkKkovLtDTzcHH4V6I2SwDjh9uDXSDTAFx0V6QTA&oe=6663EC76&_nc_sid=49ed71,"Imperial Topaz-from Ouro Preto, MD Brazil.üáßüá∑üß°\nOnly 5/g with free shipping domestic\n\nWe have plenty in stock and can build a parcel just for you!\n\n#soulnexus #imperialtopaz #brazilcrystals #brazilminerals #ouropreto #gemstothepeople #üöµ‚Äç‚ôÄÔ∏è #wrappables #juicygems #notsaturated \n#deliciousgems","deliciousgems, brazilminerals, notsaturated, imperialtopaz, juicygems, soulnexus, brazilcrystals, wrappables, gemstothepeople, ouropreto",
56.jpg,https://scontent-zrh1-1.cdninstagram.com/v/t51.2885-15/93810930_275250243477064_6523016618536697243_n.jpg?stp=dst-jpg_e35_s1080x1080&_nc_ht=scontent-zrh1-1.cdninstagram.com&_nc_cat=104&_nc_ohc=mrQsw0OCNMwQ7kNvgHAD6J-&edm=AA0rjkIBAAAA&ccb=7-5&oh=00_AYBhQCdWS9sGhzv7CKaDK2d1g9J6LybHrNALeubIy_5AoQ&oe=6663E6B6&_nc_sid=49ed71,"We've had a fun time organizing and going through our gems and crystals lately and are so excited to share all of our gorgeous material!\nHere we have a small selection of really colorful ammolite.üß°üíöüíô‚ù§üíú\n""Ammolite is an opal-like organic gemstone found primarily along the eastern slopes of the Rocky Mountains of North America. It is made of the fossilized shells of ammonites, which in turn are composed primarily of aragonite, the same mineral contained in nacre, with a microstructure inherited from the shell."" Let us know if anything peeks your interestüòÄ or check out our etsy shop as we'll be doing our best to add new listings each and every day!\nMuch loveüíØüíó #soulnexus #gettingit #gemstothepeople #crystallove #fossilsaretite #geologyrocks #ammolite #ammonite #shellyalater #dragons #usagems #gemsforall","ammonite, gettingit, shellyalater, gemsforall, dragons, crystallove, soulnexus, fossilsaretite, usagems, gemstothepeople, geologyrocks, ammolite",
57.jpg,https://scontent-zrh1-1.cdninstagram.com/v/t51.2885-15/93477697_652554228641501_4819821208806415135_n.jpg?stp=dst-jpg_e35_s1080x1080&_nc_ht=scontent-zrh1-1.cdninstagram.com&_nc_cat=105&_nc_ohc=SYKcyzc0aagQ7kNvgGQPjWF&edm=AA0rjkIBAAAA&ccb=7-5&oh=00_AYCEWHaEKsnpZyrGObDipJXHKkPlyT2-1AD0HjOVH1he6g&oe=6663FFC9&_nc_sid=49ed71,"I proudly present my very first ever custom collab created with my good friend, fellow artist, and so much more...@alan_wood_art\nWe created this pendant as a birthday gift for our dear friend @the_king_of_narnia üíöüíúüíöüíú\nThis pendant features all .925 Sterling Silver, 4 faceted cut amethyst, 12 peridot, and 2 moonstones on the back üôÉ‚ò∫\nLet us know what you think #inthecomments\nAny and all feedback is oh so helpful!\nüîÆüíéüíégems provided by @soulnexus.gems üëàcheck us outüíØüíó #silverwraps #alanwoodart #soulnexus #gettingit #customjewelry #wirewrap #wirewrapsofig #headywraps #headyclass #intentionalbeings #doodle #onlylove","headywraps, gettingit, doodle, alanwoodart, headyclass, soulnexus, inthecomments, wirewrap, intentionalbeings, wirewrapsofig, onlylove, customjewelry, silverwraps","the_king_of_narnia, soulnexus.gems, alan_wood_art"
58.jpg,https://scontent-zrh1-1.cdninstagram.com/v/t51.2885-15/91371860_910077802739421_4461453364408615300_n.jpg?stp=dst-jpg_e35&_nc_ht=scontent-zrh1-1.cdninstagram.com&_nc_cat=109&_nc_ohc=tInQFHerA3UQ7kNvgHmuPDD&edm=AA0rjkIBAAAA&ccb=7-5&oh=00_AYDO99FJsMWoTcOXLO49byDiMJuD3RaoMd_XySWiT_oyZg&oe=6663F2C3&_nc_sid=49ed71,Alive inside #psychedelic #psychedelicart #art #pattern #meditation #meditate #galaxy #stars #paintprint #inside #alive #color #spiritual #trippy #yogaart #mandala #soul #soulnexus,"psychedelicart, soul, paintprint, psychedelic, trippy, meditate, yogaart, alive, meditation, spiritual, mandala, art, galaxy, soulnexus, inside, stars, color, pattern",
59.jpg,https://scontent-zrh1-1.cdninstagram.com/v/t51.2885-15/89598609_509947029666765_4946561190198577412_n.jpg?stp=dst-jpg_e35_s1080x1080&_nc_ht=scontent-zrh1-1.cdninstagram.com&_nc_cat=109&_nc_ohc=INKcIgghFNAQ7kNvgER9g6S&edm=AA0rjkIBAAAA&ccb=7-5&oh=00_AYAlxu1Fnl_ROGukdvQoAfk30aJldXdfZyKvqvJASNJeFg&oe=66640CDE&_nc_sid=49ed71,"üòáJust a small glimpse of the stock of Tourmaline we have here at SoulNexus!  We have a varied selection of cruzeiro mine-minas gerais stock from the 60's,  some stock from Afghanistan, Brazil, Madagascar, and More! üëç  Keep your eyes open this year for some excellent specimensüíéüíö‚ù§Ô∏èand message us anytime for inquiries #2020vision ‚ôæüëÅÔ∏è\n#soulnexus #alanwoodart #silverwraps #crystalsforthesoul #tourmaline #agua #fresh #specimen #minerals #crystal #crystalhealing #crystalforsale","specimen, crystalsforthesoul, alanwoodart, crystal, tourmaline, soulnexus, minerals, crystalforsale, 2020vision, crystalhealing, agua, fresh, silverwraps",
60.jpg,https://scontent-zrh1-1.cdninstagram.com/v/t51.2885-15/85164474_1111294875898735_5995489619424209539_n.jpg?stp=dst-jpg_e35_s1080x1080&_nc_ht=scontent-zrh1-1.cdninstagram.com&_nc_cat=107&_nc_ohc=OXLezjJivggQ7kNvgHE--SI&edm=AA0rjkIBAAAA&ccb=7-5&oh=00_AYCEzk-kkC8JazTsjIqPtx_vg9Dv5oMphgq9yX8VrErjSA&oe=66641162&_nc_sid=49ed71,"It's the start, of something new. Feels so right to be here with you. We are on a mission to connect gems and people together through showcasing the beauty of Earths gifts of gems, crystals,minerals, and metals. Day by day, with spirit leading the way. ‚öõüåèüíéüíöüïâ #visitsavannah #gemstone #energy #love #healingcrystals #fineart #art912 #reiki #soulnexus #tantra #wirewrap #thankyouforexisting","visitsavannah, love, healingcrystals, soulnexus, thankyouforexisting, wirewrap, fineart, art912, gemstone, reiki, energy, tantra",
61.jpg,https://scontent-zrh1-1.cdninstagram.com/v/t51.2885-15/82337832_2711656422283019_8499645629560718060_n.jpg?stp=dst-jpg_e35&_nc_ht=scontent-zrh1-1.cdninstagram.com&_nc_cat=111&_nc_ohc=w4KZFLShwRcQ7kNvgHTQXMu&edm=AA0rjkIBAAAA&ccb=7-5&oh=00_AYD7tfWQ_CjtwhBV2sAwLWfpqw9FEy7sTGGBRFa0Pa_P-w&oe=6663F2BD&_nc_sid=49ed71,Seek out a üå≤ and let it teach you stillness #motivation #meditation #soulnexus #spiritualawakening #spirtuality,"spirtuality, motivation, meditation, soulnexus, spiritualawakening",
62.jpg,https://scontent-zrh1-1.cdninstagram.com/v/t51.2885-15/78912995_879758565760613_4647392532537992734_n.jpg?stp=dst-jpg_e35&_nc_ht=scontent-zrh1-1.cdninstagram.com&_nc_cat=105&_nc_ohc=LbcVhnK7f1oQ7kNvgG9XxxQ&edm=AA0rjkIBAAAA&ccb=7-5&oh=00_AYARMy4iZPY4KQaPYmINfG5mSY6A5tHOdP728Gf1z67ODw&oe=66641051&_nc_sid=49ed71,#kundaliniawakening #shamanicjourney #ayahuasca #soulnexus #yoga,"yoga, soulnexus, shamanicjourney, ayahuasca, kundaliniawakening",
63.jpg,https://scontent-zrh1-1.cdninstagram.com/v/t51.2885-15/53747583_402804260572178_801182930133716211_n.jpg?stp=dst-jpg_e35&_nc_ht=scontent-zrh1-1.cdninstagram.com&_nc_cat=102&_nc_ohc=0_P8XyAJc4UQ7kNvgHjaYLY&edm=AA0rjkIBAAAA&ccb=7-5&oh=00_AYA_4CeQLQFufpC1Io01wnU4DN6ckG6gt-UV7slUDlg7-g&oe=66640DEA&_nc_sid=49ed71,"Hang tight everyone, sending lots of light & love to all of you #solarstorm #g1 #mercuryretrograde #soulnexus #consciousness #awakening #spiritualawakening #spirituality #love #vibratehigher #frequency","love, vibratehigher, solarstorm, spirituality, soulnexus, awakening, mercuryretrograde, consciousness, frequency, spiritualawakening, g1",
64.jpg,https://scontent-zrh1-1.cdninstagram.com/v/t51.2885-15/44738321_1068888749938216_8647972615741087054_n.jpg?stp=dst-jpg_e35&_nc_ht=scontent-zrh1-1.cdninstagram.com&_nc_cat=104&_nc_ohc=9kRFz6t6FQ4Q7kNvgFY1Ryd&edm=AA0rjkIBAAAA&ccb=7-5&oh=00_AYB0DeWwrQ_qLnapg4oytVCcMdVWfg_p9cjMtn05lL_-7A&oe=6663EA89&_nc_sid=49ed71,"What can I say? \nI will never know where to start \nBut it goes my presentation of my imaginary art. \nI grew up very fast \nto the point I can't remember \nwhat was my first called home.\n\nSlowly, through my journey into my past\ni will try to explain to you why I abominate the people who brought me to this one life,\nfirst I will start to talk about this beautiful old soul . \nShe was this big mystery for me \nblonde and beautiful\nin the control of my destiny \nshe went away to find the answer of her decision.. I still don't know the final answer ..\nI just know how to tell a story.\n\nEnjoy \nxwild_lone_wolf\n\n#spiritual #oldsoul #crystalchild #story\n#mum #soulnexus","story, spiritual, soulnexus, crystalchild, oldsoul, mum",
65.jpg,https://scontent-zrh1-1.cdninstagram.com/v/t51.2885-15/30084980_584991575201632_777812542876549120_n.jpg?stp=dst-jpg_e35&_nc_ht=scontent-zrh1-1.cdninstagram.com&_nc_cat=104&_nc_ohc=kXCyWE8apR4Q7kNvgHUnT45&edm=AA0rjkIBAAAA&ccb=7-5&oh=00_AYDo9qqF9eqPSaEjENjMRd0jOnZ2ZROZ_uWvedzWSBkO8A&oe=666417D1&_nc_sid=49ed71,"‚ÄúA little learning is a dangerous thing. Drink deep, or taste not the Pierian Spring;\nThere shallow draughts intoxicate the brain, and drinking largely sobers us again.‚Äù\n- Alexander Pope #todcast #unsplash #wizardry #weeklywizardry #soulnexus #opticalillusion #art #surrealism #collage #digitalart #hyperdimensional #spells #colorful #inspiration #imagination #typography","spells, weeklywizardry, inspiration, soulnexus, wizardry, art, digitalart, unsplash, opticalillusion, hyperdimensional, colorful, surrealism, collage, typography, todcast, imagination",
66.jpg,https://scontent-zrh1-1.cdninstagram.com/v/t51.2885-15/29416142_452119381912799_2567670018078670848_n.jpg?stp=dst-jpg_e35&_nc_ht=scontent-zrh1-1.cdninstagram.com&_nc_cat=111&_nc_ohc=j9jCJI7lcNwQ7kNvgF6XrBg&edm=AA0rjkIBAAAA&ccb=7-5&oh=00_AYCoQf-6s8LqLZOEwCWM32ILVvGKP5Gp5Gcivh8bwRciMA&oe=6663E3E2&_nc_sid=49ed71,"‚ÄúWhat Orwell feared were those who would ban books. What Huxley feared was that there would be no reason to ban a book, for there would be no one who wanted to read one... Orwell feared that the truth would be concealed from us. Huxley feared the truth would be drowned in a sea of irrelevance. Orwell feared we would become a captive culture. Huxley feared we would become a trivial culture... In ‚Äò1984‚Äô people are controlled by inflicting pain. In ‚ÄòBrave New World‚Äô, they are controlled by inflicting pleasure. In short, Orwell feared that what we fear will ruin us. Huxley feared that what we desire will ruin us.‚Äù - Neil Postman, Amusing Ourselves to Death: Public Disclosure in the Age of Show Business #collageart #614artist #golden #code #distortion #wizardry #liberty #unsplash #collage #lego #explosion #soulnexus #cambridgeanalytica","collageart, code, distortion, 614artist, soulnexus, wizardry, explosion, lego, unsplash, collage, liberty, cambridgeanalytica, golden",
67.jpg,https://scontent-zrh1-1.cdninstagram.com/v/t51.2885-15/29090421_2129919720564807_6899754477285277696_n.jpg?stp=dst-jpg_e35&_nc_ht=scontent-zrh1-1.cdninstagram.com&_nc_cat=103&_nc_ohc=OpZwf6BXfuYQ7kNvgGvZ9-c&edm=AA0rjkIBAAAA&ccb=7-5&oh=00_AYCrvYihZxR5CaZW11WFw7CgU4uwIwc_aExT1qZnIsJvZA&oe=6663F666&_nc_sid=49ed71,"‚ÄúWhen you call yourself an Indian or a Muslim or a Christian or a European, or anything else, you are being violent. Do you see why it is violent? Because you are separating yourself from the rest of mankind. When you separate yourself by belief, by nationality, by tradition, it breeds violence. So a man who is seeking to understand violence does not belong to any country, to any religion, to any political party or partial system; he is concerned with the total understanding of mankind.‚Äù - J. Krishnamurti\n#art #unsplash #psychedelic #inspiration #collage #614art #portraitphotography #todcast #wizardry #abstractart #soulnexus #eyes #mandala","abstractart, psychedelic, inspiration, portraitphotography, mandala, soulnexus, wizardry, art, unsplash, collage, todcast, eyes, 614art",
68.jpg,https://scontent-zrh1-1.cdninstagram.com/v/t51.2885-15/26872593_1419848841471078_7855671286633070592_n.jpg?stp=dst-jpg_e35&_nc_ht=scontent-zrh1-1.cdninstagram.com&_nc_cat=106&_nc_ohc=5kIIlLhXvaMQ7kNvgE6CT2T&edm=AA0rjkIBAAAA&ccb=7-5&oh=00_AYB5EBe3fT0wLIW7qhwvr5Nfb--owtuHmpQv6PGXSslsNA&oe=6663E94C&_nc_sid=49ed71,"‚ÄúIf you want to find the secrets of the universe, think in terms of energy, frequency and vibration.‚Äù ‚Äì Nikola Tesla \n#psychedelic #psychedelicart #art #psychic #bloom #collage #vibration #illusion #mandala #wizardry #todcast #candy #deity #frequency #trippyart #kaleidoscope #energy #soulnexus","psychedelicart, frequency, trippyart, vibration, psychedelic, bloom, psychic, deity, mandala, kaleidoscope, soulnexus, wizardry, art, collage, illusion, energy, todcast, candy",
